{"task":"mel-frontend","iters":30,"warmup":5,"audio_seconds":30.000000,"rtf":0.003115,"ttfa_ms":93.4404,"latency_ms":{"p50":93.2511,"p95":94.4166,"p99":94.4642,"mean":93.4404,"jitter":0.4967,"min":92.7243,"max":94.4642}}
